,word1,word2,prediction
0,abandon,frost,-5.641800880432129
1,abandon,railroad,-5.134952068328857
2,abortion,religion,-5.120974540710449
3,abstract,candle,-4.8029375076293945
4,abstract,frog,-4.551785469055176
5,abstract,moon,-5.314972877502441
6,abstract,rally,-5.841195583343506
7,abuse,abuse,-0.0
8,abuse,disorder,-4.862264633178711
9,accommodate,adjust,-4.857548713684082
10,accommodation,accommodation,-0.0
11,accompany,walking,-5.528980731964111
12,account,explanation,-5.3487653732299805
13,account,invoice,-4.751571178436279
14,act,improvement,-5.5452141761779785
15,action,adjustment,-5.04108190536499
16,action,entrance,-5.6374335289001465
17,activity,solo,-6.1070475578308105
18,activity,variation,-4.78314733505249
19,actor,amateur,-5.130593776702881
20,ad,track,-5.568506717681885
21,add,increased,-5.870488166809082
22,add,string,-5.79191255569458
23,addition,segment,-4.230252265930176
24,admitting,confess,-3.5850205421447754
25,adult,dentist,-5.353091716766357
26,advance,advance,-0.0
27,advance,string,-4.988292217254639
28,advice,recommendation,-4.5972394943237305
29,advised,murder,-5.636430740356445
30,aerial,clown,-5.194826126098633
31,africa,territory,-5.4263153076171875
32,age,history,-4.599608421325684
33,agency,police,-5.022334098815918
34,aim,intending,-4.079392910003662
35,air,cold,-4.754019260406494
36,air,plasma,-5.639623641967773
37,air,satellite,-5.720571994781494
38,aircraft,fleet,-3.612969398498535
39,aircraft,flight,-3.997408866882324
40,aircraft,yacht,-5.245636463165283
41,airplane,plane,-2.7690517902374268
42,ale,bitter,-4.647884845733643
43,alley,street,-4.376697540283203
44,aluminum,component,-4.25123929977417
45,aluminum,imperative,-5.450572490692139
46,american,lobster,-5.031617641448975
47,ammunition,intolerable,-5.430600643157959
48,amount,number,-4.636016845703125
49,amounted,make,-5.194761276245117
50,amusement,athletics,-5.8458027839660645
51,amusement,procedure,-5.2358598709106445
52,anatomy,palm,-5.568275451660156
53,ancient,city,-5.4041619300842285
54,angel,asphalt,-5.194988250732422
55,angel,pod,-4.386629581451416
56,angrier,stormy,-4.756805896759033
57,animal,asia,-6.195596694946289
58,animal,flora,-4.918116569519043
59,animal,giraffe,-4.127599239349365
60,animal,mural,-5.218260765075684
61,animal,wild,-4.391653537750244
62,animal,worm,-4.867687225341797
63,animal,zoo,-3.784886360168457
64,anniversary,marriage,-5.486426830291748
65,answering,counter,-4.676487922668457
66,anxiety,insecurities,-4.363664627075195
67,apartment,staircase,-4.710071563720703
68,appliance,dryer,-3.5507869720458984
69,appreciate,see,-4.354939937591553
70,approach,avenue,-5.8882575035095215
71,approach,merit,-5.03348970413208
72,approach,trench,-4.708278656005859
73,approval,encouragement,-5.4418134689331055
74,approving,interaction,-5.300097465515137
75,aquarium,coin,-5.404470920562744
76,arch,brick,-4.444631576538086
77,arch,roof,-5.208768367767334
78,architecture,urban,-4.161478519439697
79,area,space,-5.348769664764404
80,argument,evidence,-4.491621494293213
81,arm,bicycle,-4.809201717376709
82,arm,television,-6.042870998382568
83,arrange,discard,-3.7672150135040283
84,arrange,study,-6.330146789550781
85,arrangement,blizzard,-5.47085428237915
86,arrangement,room,-5.299912929534912
87,art,craft,-5.493219375610352
88,art,gem,-5.1824846267700195
89,art,museum,-3.469132661819458
90,art,painting,-3.698293447494507
91,article,cup,-6.494781017303467
92,article,girl,-6.351906776428223
93,ash,bone,-5.695662498474121
94,ash,coil,-4.535164833068848
95,asphalt,crane,-4.31936502456665
96,asphalt,water,-4.619039058685303
97,assets,exclude,-5.163093566894531
98,association,organization,-3.5671727657318115
99,association,realtor,-5.035826683044434
100,asylum,dollar,-5.654941082000732
101,asylum,shelter,-4.811673641204834
102,athletics,racing,-4.379649639129639
103,athletics,swimming,-4.43693208694458
104,attempt,give,-4.338590145111084
105,attempt,initiate,-4.0086493492126465
106,attitude,notice,-4.760538578033447
107,attitude,study,-5.700915336608887
108,attorney,lawyer,-2.4457502365112305
109,auto,bright,-5.949872970581055
110,automobile,fabric,-5.196045398712158
111,automobile,racing,-4.700728416442871
112,autumn,foliage,-2.8636858463287354
113,autumn,hat,-5.162224769592285
114,autumn,sunshine,-4.174996376037598
115,autumn,winter,-3.681330442428589
116,award,citation,-4.383070468902588
117,baby,treat,-5.332372665405273
118,back,lumbar,-5.37916374206543
119,back,shifting,-5.047816753387451
120,bacon,bread,-2.940791130065918
121,bacon,pepper,-2.966247081756592
122,bacon,salad,-2.8963818550109863
123,bacon,tomato,-2.70572829246521
124,bacon,wild,-4.7269816398620605
125,bag,cop,-5.643163204193115
126,bag,flag,-5.526069641113281
127,bakery,cake,-3.6130170822143555
128,bakery,vehicle,-5.459303379058838
129,balance,gauge,-5.160849094390869
130,banana,salad,-3.4503097534179688
131,band,guitar,-2.9747886657714844
132,band,metal,-5.294570446014404
133,band,play,-5.03657341003418
134,band,uniform,-5.106815814971924
135,band,vinyl,-4.55142068862915
136,bank,smell,-6.140658378601074
137,bankruptcy,enterprise,-5.30698823928833
138,bar,diner,-3.8849782943725586
139,bar,ship,-5.757030010223389
140,bar,stair,-4.872605323791504
141,bar,sushi,-3.930385112762451
142,barn,food,-5.660510540008545
143,barrel,gallon,-4.031156539916992
144,base,club,-5.15579080581665
145,baseball,born,-5.96610164642334
146,baseball,cactus,-4.760889530181885
147,baseball,game,-4.255895137786865
148,baseball,hockey,-4.109797477722168
149,baseball,season,-4.819583415985107
150,basket,dinner,-5.735198020935059
151,basketball,lesson,-5.736651420593262
152,basketball,squash,-5.343479156494141
153,bat,bats,-3.6450045108795166
154,bath,bedroom,-4.265141010284424
155,bath,floor,-4.774159908294678
156,bath,hot,-4.234442234039307
157,bath,sleep,-4.811542510986328
158,bathroom,chamber,-5.348911285400391
159,bay,curve,-5.979824542999268
160,bay,harbour,-4.750668048858643
161,beach,cliff,-4.8905134201049805
162,beach,pebble,-4.843883037567139
163,bead,chess,-4.667141914367676
164,bead,gold,-5.612754821777344
165,bead,redhead,-3.9271695613861084
166,beam,column,-5.312708377838135
167,beard,hair,-3.682050943374634
168,beat,meter,-5.193672180175781
169,bed,candy,-5.024348735809326
170,bed,floor,-4.669622898101807
171,bed,furniture,-4.849513053894043
172,bed,layer,-5.129918098449707
173,bed,pillow,-3.190272092819214
174,bed,relax,-4.983371257781982
175,bed,sitting,-3.634618043899536
176,bed,staircase,-4.647054195404053
177,bedroom,canyon,-5.493093013763428
178,bedroom,ceiling,-3.9527523517608643
179,bedroom,cell,-5.422377586364746
180,bedroom,construction,-6.250991344451904
181,bedroom,door,-3.7199501991271973
182,bedroom,downtown,-5.805880069732666
183,bedroom,room,-3.341763973236084
184,bedroom,stair,-4.394060134887695
185,bedroom,staircase,-3.9417519569396973
186,beef,chicken,-3.0477123260498047
187,beef,lamb,-3.5088298320770264
188,beef,pepper,-4.1068291664123535
189,beef,potato,-3.7614896297454834
190,beer,patio,-4.427319526672363
191,beer,wild,-5.602789878845215
192,being,characters,-5.222064018249512
193,believe,week,-4.280691146850586
194,belly,black,-4.638066291809082
195,belly,dance,-4.4859538078308105
196,belly,dark,-4.411334037780762
197,belly,field,-5.359301567077637
198,belly,stripe,-4.399234294891357
199,bench,game,-4.180173397064209
200,benefited,get,-5.089725971221924
201,bent,double,-5.125277519226074
202,bent,inclination,-3.776700496673584
203,berlin,germany,-4.019362449645996
204,berry,blossom,-3.8860251903533936
205,berry,bright,-4.596855163574219
206,berry,dessert,-3.9767143726348877
207,berry,ivy,-4.568307876586914
208,berry,raspberry,-3.1892361640930176
209,berry,seed,-5.256695747375488
210,berry,sweet,-4.0256452560424805
211,bias,prejudice,-3.285033941268921
212,bible,misty,-4.642969131469727
213,bicycle,green,-5.851683616638184
214,bigger,large,-4.223337173461914
215,bike,chopper,-4.750884532928467
216,bikini,ivy,-4.417642116546631
217,bin,cup,-5.877699851989746
218,bird,cock,-4.758364200592041
219,bird,dragonfly,-5.05668830871582
220,bird,flamingo,-5.147828578948975
221,bird,goose,-4.078313827514648
222,bird,insect,-4.3785014152526855
223,bird,reptile,-4.073566913604736
224,bird,shade,-5.245587348937988
225,bird,solid,-5.515669345855713
226,bishop,priest,-3.0268516540527344
227,bishop,radical,-5.036440849304199
228,bishop,wine,-5.782018184661865
229,bit,curb,-5.422251224517822
230,bit,tool,-5.421019077301025
231,bitter,taste,-4.432137489318848
232,black,blue,-3.9480581283569336
233,black,bright,-4.3072285652160645
234,black,brown,-4.226113796234131
235,black,cigarette,-5.51441764831543
236,black,juvenile,-5.496334552764893
237,black,skirt,-4.06795597076416
238,black,white,-3.4531807899475098
239,blast,smashing,-4.4584197998046875
240,blaze,pig,-5.525481224060059
241,blessing,patronage,-4.7942705154418945
242,blizzard,rash,-4.159148216247559
243,block,hinder,-4.447709560394287
244,blonde,haircut,-3.424325704574585
245,blonde,wig,-3.1763675212860107
246,bloom,flower,-5.002327919006348
247,bloom,friend,-5.6585798263549805
248,bloom,plant,-4.985683441162109
249,bloom,purple,-4.85172700881958
250,blossom,bud,-4.219749450683594
251,blossom,cherry,-3.0248260498046875
252,blossom,daisy,-3.2795400619506836
253,blossom,foliage,-3.056105136871338
254,blossom,orange,-4.268826484680176
255,blossom,petal,-2.883002281188965
256,blossom,purple,-3.48834228515625
257,blow,contact,-5.880307197570801
258,blow,swat,-5.350584506988525
259,blowing,smoking,-5.0045084953308105
260,blue,colour,-5.020671367645264
261,blue,happy,-6.6175408363342285
262,blue,report,-6.28377103805542
263,blue,shade,-4.356863498687744
264,blue,skirt,-4.137232780456543
265,blues,rhythm,-4.160458087921143
266,blur,focus,-4.41778039932251
267,blur,metro,-5.100069999694824
268,board,deal,-4.545925140380859
269,boardwalk,park,-4.10312557220459
270,boast,complain,-4.242244243621826
271,boat,negro,-5.772352695465088
272,boat,shore,-3.5743913650512695
273,bold,forward,-4.5153679847717285
274,bold,leader,-5.3685102462768555
275,bone,skull,-3.509521722793579
276,book,building,-6.432732105255127
277,book,smoking,-6.344267845153809
278,booklet,reference,-4.507985591888428
279,boot,kick,-4.644151210784912
280,boot,punch,-4.617588043212891
281,bootleg,produce,-5.334153652191162
282,bootleg,whiskey,-3.8580849170684814
283,born,construction,-6.274316310882568
284,born,mother,-3.9760191440582275
285,born,subway,-6.27336311340332
286,bottle,wine,-3.630032777786255
287,bound,line,-4.356303691864014
288,bound,skirt,-4.637961387634277
289,bowling,wheel,-5.401381969451904
290,boxer,stair,-4.41109561920166
291,boxing,hit,-5.375114917755127
292,boy,hand,-4.644704341888428
293,boy,live,-4.785654067993164
294,bracelet,jewelry,-3.7425637245178223
295,bracelet,mountain,-5.509545803070068
296,brain,head,-5.154706001281738
297,brake,click,-5.46173620223999
298,branch,tea,-5.266885757446289
299,brass,executive,-5.749978065490723
300,brazil,nut,-5.232457160949707
301,brazil,triple,-5.808990478515625
302,bread,bun,-3.39216947555542
303,bread,cooking,-2.829660415649414
304,bread,cover,-4.808224678039551
305,bread,dessert,-2.8603057861328125
306,bread,egg,-3.0490612983703613
307,bread,medicine,-5.449948787689209
308,break,glittering,-5.16099214553833
309,break,scattered,-5.646758556365967
310,breakfast,diner,-3.624476909637451
311,breakfast,evening,-5.009769439697266
312,breakfast,lunch,-3.0251495838165283
313,breakfast,makeup,-5.806432247161865
314,breakfast,morning,-4.702364921569824
315,breakfast,people,-5.695842742919922
316,breakfast,relax,-4.907210826873779
317,brick,cement,-4.11828088760376
318,brick,construction,-5.317391395568848
319,brick,skyscraper,-4.171602249145508
320,bride,photographer,-4.787961959838867
321,bright,dark,-3.3113622665405273
322,bright,fruit,-4.759069442749023
323,bright,mist,-4.302186489105225
324,bright,raspberry,-4.291286468505859
325,bright,shade,-3.2822136878967285
326,bright,sky,-4.231204032897949
327,bring,presenting,-4.800078392028809
328,bring,return,-3.6404218673706055
329,broadcast,packet,-4.758022785186768
330,bronze,sculpture,-4.322059631347656
331,bronze,suspicion,-5.821663856506348
332,brown,green,-4.224275588989258
333,brown,hawk,-5.408032417297363
334,brown,purple,-4.5890326499938965
335,brown,white,-4.11099910736084
336,brussels,sweden,-5.177213191986084
337,bucket,water,-4.4139533042907715
338,bud,flower,-4.9361090660095215
339,bud,ivy,-4.65683126449585
340,budget,fund,-4.946573734283447
341,budget,scale,-5.003836631774902
342,bug,insect,-3.4352197647094727
343,building,cafe,-5.444954872131348
344,building,construction,-4.168637752532959
345,building,downtown,-3.7684481143951416
346,building,floor,-4.635926723480225
347,building,ministry,-5.964717388153076
348,building,tall,-5.420467853546143
349,building,zombie,-5.8828206062316895
350,burger,cooking,-4.598054885864258
351,burger,dessert,-4.120116233825684
352,burger,salad,-3.982367992401123
353,burger,soup,-3.9768753051757812
354,burn,fire,-4.031591892242432
355,burn,ripple,-4.901860237121582
356,bus,rail,-4.158207416534424
357,business,railway,-5.540436744689941
358,butter,stick,-3.697052001953125
359,butterfly,caterpillar,-4.9890570640563965
360,butterfly,dragonfly,-4.373426914215088
361,butterfly,glittering,-4.667819023132324
362,button,sticker,-4.38149356842041
363,cafe,child,-6.1986589431762695
364,cafe,coffee,-4.839540481567383
365,cafe,dinner,-4.080036640167236
366,cafe,donut,-4.8699951171875
367,cafe,lunch,-4.17040491104126
368,cafe,pub,-3.5318472385406494
369,cafe,reflection,-5.395259857177734
370,cafe,relax,-5.520839691162109
371,cafe,shop,-4.069523334503174
372,cafe,spiral,-5.533622741699219
373,cake,christmas,-4.179498195648193
374,call,meeting,-5.7635498046875
375,call,statement,-5.59417724609375
376,call,telephone,-4.415896892547607
377,camel,desert,-4.419580936431885
378,camp,camp,-0.0
379,campaign,conspiracy,-6.009115695953369
380,can,sketch,-5.840509414672852
381,candidate,republic,-5.29237699508667
382,canine,dog,-3.4266364574432373
383,canyon,landscape,-4.241961479187012
384,canyon,river,-3.436340093612671
385,car,insurance,-5.611100673675537
386,car,pig,-5.896426200866699
387,car,skull,-5.649416923522949
388,card,playing,-5.785666465759277
389,card,see,-5.677523136138916
390,carrier,carrier,-0.0
391,carrier,traveler,-5.327383518218994
392,carrier,vehicle,-5.453168869018555
393,carrot,memorial,-5.631202220916748
394,carrot,salad,-2.496569871902466
395,cart,wagon,-4.79220724105835
396,cartoon,wit,-5.053581714630127
397,case,clients,-5.494036674499512
398,cast,cast,-0.0
399,cast,shoot,-5.272253036499023
400,castle,patio,-4.54255485534668
401,castle,ruin,-4.436555862426758
402,cat,garden,-4.963108062744141
403,catch,catching,-2.79921293258667
404,catch,hooks,-4.60443115234375
405,catching,perceive,-4.805424690246582
406,catching,playing,-4.813931465148926
407,category,flavor,-5.775666236877441
408,catering,loan,-5.840923309326172
409,caterpillar,paint,-5.599728584289551
410,cathedral,step,-5.146770000457764
411,cattle,goat,-4.34574556350708
412,cattle,web,-6.540322780609131
413,cautious,film,-6.015244960784912
414,ceiling,marble,-3.750750780105591
415,ceiling,mug,-5.710159778594971
416,ceiling,room,-4.26403284072876
417,ceiling,staircase,-3.5748000144958496
418,ceiling,wall,-4.664202690124512
419,cell,membrane,-4.338973045349121
420,cemetery,grave,-3.100919008255005
421,cemetery,memorial,-3.6683132648468018
422,center,center,-0.0
423,center,refer,-5.160132884979248
424,century,period,-5.51530647277832
425,century,temperature,-6.0647406578063965
426,ceramic,floor,-4.667674541473389
427,chance,fortune,-5.538620948791504
428,chance,opportunity,-4.0105671882629395
429,chance,ring,-5.623278617858887
430,change,laundering,-5.585567951202393
431,change,transforming,-4.169156551361084
432,change,yielding,-5.315071105957031
433,channel,sound,-5.638607025146484
434,chaos,death,-5.3231282234191895
435,chapel,porch,-4.607814788818359
436,chapel,ruin,-4.812906742095947
437,charcoal,fuel,-5.056078910827637
438,charge,damage,-6.248353481292725
439,charge,sentence,-4.938385486602783
440,checked,checked,-0.0
441,cheer,musician,-5.23979377746582
442,cheese,food,-4.178760051727295
443,cheetah,flame,-5.135313987731934
444,chemical,intermediate,-5.542302131652832
445,chemistry,patient,-5.275312423706055
446,cherry,fruit,-3.1751062870025635
447,cherry,grape,-3.17822265625
448,cherry,lamb,-3.792684555053711
449,cherry,meat,-4.908755302429199
450,cherry,orange,-3.831686496734619
451,cherry,raspberry,-2.6933445930480957
452,chess,family,-6.024476528167725
453,chess,toy,-5.386415958404541
454,chicken,lamb,-2.387493133544922
455,chicken,poultry,-3.7459897994995117
456,chief,guru,-5.052967548370361
457,child,lad,-5.272320747375488
458,child,street,-6.284691333770752
459,chile,plate,-4.851852893829346
460,chocolate,rock,-5.551390647888184
461,choice,option,-3.8130834102630615
462,chopper,poppy,-5.144501686096191
463,chord,play,-5.39528226852417
464,christmas,valentine,-5.109863758087158
465,church,porch,-5.696480751037598
466,church,temple,-4.224865913391113
467,circle,oval,-4.833712100982666
468,circle,sport,-5.724973678588867
469,city,round,-6.236461639404297
470,city,ruin,-5.523565292358398
471,city,sidewalk,-5.205784320831299
472,city,square,-4.8345537185668945
473,city,urban,-4.7647385597229
474,class,sex,-4.9823832511901855
475,cliff,coast,-5.594964504241943
476,cliff,harbour,-4.6196393966674805
477,cliff,waterfall,-3.8007071018218994
478,clinic,session,-5.359251499176025
479,clock,timer,-3.9543256759643555
480,close,short,-3.973029613494873
481,closed,closed,-0.0
482,closed,state,-5.827032089233398
483,closed,up,-4.427557945251465
484,closing,closing,-0.0
485,closing,finale,-5.35526704788208
486,clothes,short,-5.078832626342773
487,cloud,energy,-5.459527969360352
488,club,hockey,-4.449481964111328
489,club,shirt,-5.535800933837891
490,clubhouse,pop,-5.476457118988037
491,clue,parish,-5.255255699157715
492,coast,scenery,-5.317051887512207
493,coast,sunk,-4.618218898773193
494,coast,zebra,-5.703037738800049
495,coat,resurfacing,-5.025475025177002
496,coat,roof,-5.20375394821167
497,cock,penis,-3.9717507362365723
498,cocktail,garage,-5.3885498046875
499,cocktail,restaurant,-4.292870044708252
500,coffee,meeting,-6.53530216217041
501,coffee,tea,-4.010047912597656
502,coin,gold,-4.726838111877441
503,coin,silver,-4.703189373016357
504,coin,ticket,-5.171341419219971
505,cold,mist,-4.188421726226807
506,cold,rain,-4.182742595672607
507,cold,silver,-5.9051947593688965
508,cold,sunny,-4.421001434326172
509,cold,sunshine,-4.118602275848389
510,cold,water,-4.452164649963379
511,cold,weather,-4.36626672744751
512,cold,winter,-4.104175090789795
513,coldness,cool,-5.162078380584717
514,collage,exhibition,-4.370950698852539
515,collage,paint,-4.01176643371582
516,collage,sculpture,-3.375908613204956
517,collage,stream,-4.717001914978027
518,collapse,shock,-4.648737907409668
519,collar,tiger,-4.916819095611572
520,collect,collect,-0.0
521,collect,scrape,-4.670924186706543
522,collection,library,-4.000307083129883
523,collection,packet,-5.334427356719971
524,color,quality,-5.20990514755249
525,color,wash,-5.607452869415283
526,colorful,outfit,-3.8306493759155273
527,colorful,shot,-6.1075897216796875
528,colorful,toy,-4.640374660491943
529,colorful,wood,-5.069462776184082
530,colors,emblem,-4.898299694061279
531,colour,grey,-4.185050964355469
532,colour,shade,-4.037981986999512
533,comfort,relief,-5.234904766082764
534,comment,mention,-4.414755344390869
535,commercial,manufacture,-4.817917823791504
536,commitment,guarantee,-4.438841342926025
537,communication,theater,-5.944079875946045
538,compact,short,-5.257371425628662
539,company,distributor,-3.9280929565429688
540,compartment,stalls,-4.806698799133301
541,compatible,software,-3.6438403129577637
542,competes,race,-4.711440563201904
543,compound,enhance,-5.615189075469971
544,compound,whole,-5.424527645111084
545,computer,lab,-4.883625030517578
546,computer,number,-5.832302570343018
547,computer,platform,-5.20587682723999
548,computer,railway,-5.811386585235596
549,concentration,focus,-4.549283981323242
550,concert,jazz,-3.6288809776306152
551,concert,sing,-4.213432312011719
552,concerts,settle,-5.99916410446167
553,conclusion,judgment,-3.613842010498047
554,conclusion,situation,-4.251335144042969
555,concoct,request,-5.432448387145996
556,concrete,interior,-5.57415246963501
557,concrete,pin,-5.624070644378662
558,cone,palm,-5.664980411529541
559,congress,sex,-5.690855979919434
560,connection,keyboard,-5.260258674621582
561,consequences,position,-4.840392112731934
562,consistency,phase,-5.304185390472412
563,construction,downtown,-5.101857662200928
564,construction,interior,-6.151553153991699
565,contact,print,-6.125767707824707
566,control,driving,-4.988743782043457
567,cooking,dessert,-3.455691337585449
568,cooking,eat,-4.293378829956055
569,cooking,food,-4.026537895202637
570,cooking,frozen,-4.373475074768066
571,cooking,salad,-3.033754825592041
572,cool,cool,-0.0
573,cool,jazz,-5.700540065765381
574,cool,state,-5.809388160705566
575,cop,dirty,-4.253189563751221
576,cop,music,-5.6567463874816895
577,cop,ruin,-4.646172046661377
578,cord,eclipse,-5.593806743621826
579,corn,pepper,-3.801649332046509
580,cost,price,-4.312257289886475
581,costume,halloween,-4.013635158538818
582,costume,radiation,-5.563003063201904
583,cottage,patio,-3.5507044792175293
584,council,minister,-4.644760608673096
585,count,investigation,-4.729475021362305
586,count,number,-4.740793228149414
587,counter,furniture,-4.698702335357666
588,counter,negative,-5.043643951416016
589,couple,family,-4.237058162689209
590,couple,makeup,-5.434428691864014
591,couple,race,-5.513233184814453
592,cousin,relation,-4.358992099761963
593,cover,feather,-5.33141565322876
594,cover,sleeve,-5.4267659187316895
595,covering,skin,-4.206588268280029
596,cowboys,ranch,-5.059523105621338
597,crack,cracking,-2.963621139526367
598,cracking,noise,-4.160829067230225
599,cracking,sound,-4.6208953857421875
600,craft,game,-5.917812347412109
601,crane,stair,-4.228696346282959
602,crash,swing,-5.656498432159424
603,creation,stitch,-4.866392612457275
604,credit,flap,-5.85883903503418
605,credit,foundation,-5.458339691162109
606,crew,unit,-5.432190895080566
607,critic,reviewers,-4.330110549926758
608,crochet,family,-5.844892501831055
609,crochet,jewelry,-4.757164478302002
610,crochet,knitting,-2.9880125522613525
611,cross,mug,-6.247293949127197
612,cross,post,-5.319546222686768
613,cross,pub,-5.726550102233887
614,cross,shopping,-5.666165828704834
615,crush,push,-4.590978145599365
616,crush,split,-4.483277797698975
617,crystal,spiral,-4.734508037567139
618,cube,dice,-4.072534084320068
619,cup,handbag,-5.721852779388428
620,curb,smother,-5.263250350952148
621,curb,train,-5.415194511413574
622,current,flow,-4.318449020385742
623,cut,gore,-5.669403553009033
624,cute,fashion,-4.803592205047607
625,cute,friend,-4.736292839050293
626,cute,fun,-3.9051334857940674
627,cute,haircut,-4.1070427894592285
628,cylinder,pen,-5.445685386657715
629,daisy,foliage,-4.042770862579346
630,daisy,grass,-4.910167694091797
631,daisy,petal,-3.008209466934204
632,dance,hotel,-5.68106746673584
633,dandelion,foliage,-3.6479828357696533
634,dandelion,grass,-4.39288854598999
635,dandelion,petal,-1.90792977809906
636,danger,status,-5.296515941619873
637,dark,flamingo,-5.210336685180664
638,dark,pod,-4.851618766784668
639,dark,white,-4.698395729064941
640,dashboard,protection,-5.398830890655518
641,daughter,graphic,-5.929814338684082
642,daughter,pub,-5.566216468811035
643,dawn,day,-5.014995574951172
644,day,glide,-5.4467244148254395
645,day,horse,-5.752465724945068
646,day,independence,-5.379051208496094
647,day,night,-4.160268783569336
648,day,sunny,-4.740100860595703
649,day,sunset,-4.880429267883301
650,day,weather,-4.811087608337402
651,dead,sidewalk,-4.902230739593506
652,deaf,people,-4.956055164337158
653,death,funeral,-4.887862682342529
654,decision,option,-4.9245147705078125
655,decoration,tulip,-3.365750312805176
656,defeat,ending,-4.947474479675293
657,defeated,people,-5.40073299407959
658,degree,quantity,-5.460230350494385
659,demand,supply,-3.728473663330078
660,demolition,interior,-5.6150054931640625
661,demolition,skyscraper,-4.1727705001831055
662,demolition,tall,-5.539200305938721
663,desert,mountain,-3.674813747406006
664,deserve,merit,-4.244716167449951
665,deserve,want,-4.368446350097656
666,design,graphic,-5.604345798492432
667,design,orange,-6.2425312995910645
668,designation,recognition,-4.872157096862793
669,designs,intend,-5.197381973266602
670,dessert,head,-5.438526630401611
671,dessert,salad,-2.064377546310425
672,determination,selection,-5.124917030334473
673,development,twist,-6.28304386138916
674,diamond,parade,-5.430901050567627
675,diamond,short,-4.924008846282959
676,diamond,stencil,-4.6888017654418945
677,difficulty,problem,-3.7885568141937256
678,digit,toe,-5.436615467071533
679,dilute,market,-5.143068313598633
680,dinner,sitting,-4.890867233276367
681,dinner,sleep,-5.422922611236572
682,direction,direction,-0.0
683,direction,traveling,-4.792056083679199
684,dirt,racing,-5.227171897888184
685,dirt,road,-4.153601169586182
686,dirt,sand,-3.4668219089508057
687,dirty,dude,-4.439281463623047
688,dirty,rabbit,-4.6284027099609375
689,dirty,washing,-4.128758430480957
690,discharge,spread,-5.747646808624268
691,discipline,discipline,-0.0
692,disk,dot,-4.757501602172852
693,display,stick,-5.533623218536377
694,dissipate,isolate,-5.038071155548096
695,distinction,sword,-4.872001647949219
696,distinguish,medal,-5.615657329559326
697,distinguish,sex,-5.120009422302246
698,disturbance,upset,-5.674065113067627
699,diversion,skiing,-5.3256916999816895
700,dock,herb,-4.953737735748291
701,dog,husky,-4.647877216339111
702,dog,secretary,-5.640336990356445
703,doll,new,-5.2069220542907715
704,dome,interior,-5.712491512298584
705,dome,uniform,-5.514598369598389
706,donut,panda,-3.9983372688293457
707,door,interior,-5.8464765548706055
708,door,porch,-3.9100501537323
709,door,room,-3.9840407371520996
710,downtown,field,-5.213588237762451
711,downtown,hockey,-5.64937686920166
712,downtown,ruin,-5.366398334503174
713,downtown,shopping,-4.274772644042969
714,downtown,subway,-4.398154258728027
715,drag,drawing,-4.603823184967041
716,dragon,drop,-5.41210412979126
717,dragonfly,frog,-3.4975292682647705
718,dragonfly,insect,-3.651596784591675
719,draw,draw,-0.0
720,draw,entertainer,-5.2316365242004395
721,dress,match,-5.333488464355469
722,dress,neckline,-3.4452004432678223
723,dress,outfit,-2.6788783073425293
724,dressing,patch,-4.790188789367676
725,drill,implement,-5.465249538421631
726,drink,turn,-5.49171781539917
727,dripping,hot,-4.111840724945068
728,dripping,round,-5.796572208404541
729,dripping,wet,-3.6081912517547607
730,drive,drive,-0.0
731,drive,operate,-4.843050003051758
732,drop,drop,-0.0
733,drop,measure,-5.727855682373047
734,drop,sink,-5.10847282409668
735,dropping,dropping,-0.0
736,drought,time,-5.143563270568848
737,drug,reflection,-6.153685569763184
738,drug,sing,-5.816280841827393
739,drug,wolf,-5.840541839599609
740,dude,fun,-4.13129186630249
741,dude,hanging,-4.453864097595215
742,dude,sitting,-4.7842841148376465
743,dude,smile,-4.761022567749023
744,dusk,hummingbird,-3.9766499996185303
745,dusk,misty,-3.192166566848755
746,dye,kiss,-4.603331089019775
747,eagle,feather,-4.444644451141357
748,ear,organ,-4.28323221206665
749,earn,make,-5.098515510559082
750,ease,relaxation,-4.0142107009887695
751,ease,rest,-4.131714820861816
752,east,israel,-4.738379001617432
753,easter,preference,-5.231631755828857
754,eat,rabbit,-4.542115211486816
755,eat,soup,-3.76117205619812
756,eat,truck,-6.366753101348877
757,educated,learned,-4.450188159942627
758,effects,effects,-0.0
759,egg,lego,-4.699613571166992
760,egg,nest,-4.194750785827637
761,egg,white,-4.8709716796875
762,eight,movement,-5.108339786529541
763,element,mixture,-4.643023490905762
764,element,situation,-4.347916126251221
765,elephant,giraffe,-3.1371536254882812
766,emission,gum,-5.195587635040283
767,endeavor,worst,-4.7713422775268555
768,enemy,strike,-5.294349670410156
769,enforcing,execute,-4.9670491218566895
770,engine,gasoline,-5.214293479919434
771,engineering,technology,-4.104410648345947
772,english,french,-4.744000434875488
773,enhanced,increased,-4.9638495445251465
774,enjoy,suffering,-5.929629325866699
775,enterprise,industry,-4.462214469909668
776,entrance,registration,-5.489190101623535
777,equipment,seat,-5.7464070320129395
778,escalator,railway,-4.7381510734558105
779,escalator,redhead,-3.505950689315796
780,establishment,establishment,-0.0
781,evaluate,forecast,-5.846175193786621
782,evening,fun,-5.733226776123047
783,evening,night,-3.734182119369507
784,evening,time,-5.109755039215088
785,event,influence,-5.082167625427246
786,evidence,format,-5.671600818634033
787,evidence,record,-5.3165178298950195
788,evil,worst,-5.110429286956787
789,evolution,publicity,-5.528836250305176
790,examination,quiz,-4.918900012969971
791,executive,organization,-4.234253883361816
792,exhibit,parade,-5.0559916496276855
793,exhibition,painting,-4.470651149749756
794,exhibition,soup,-5.882613658905029
795,expect,think,-4.252706527709961
796,expectation,possibility,-4.074511528015137
797,expedition,mystery,-4.990423679351807
798,explosion,stencil,-5.53239107131958
799,express,mail,-4.623864650726318
800,extending,increase,-5.147612571716309
801,extort,school,-5.945537090301514
802,eye,face,-3.8852922916412354
803,eye,lip,-3.720000743865967
804,eye,sky,-4.890711307525635
805,fabric,lace,-2.8229241371154785
806,fabric,sail,-4.88594913482666
807,face,stop,-4.910709857940674
808,face,tear,-5.7274370193481445
809,fair,midway,-4.934325695037842
810,family,town,-4.968283176422119
811,fantasy,fiction,-3.805788993835449
812,fantasy,recycling,-5.204532623291016
813,farm,wind,-5.572982311248779
814,farmer,individual,-6.131046772003174
815,fashion,handwriting,-5.575032711029053
816,fashion,outfit,-3.4170100688934326
817,fauna,toy,-5.095134735107422
818,fbi,investigation,-3.6735143661499023
819,fear,fear,-0.0
820,feather,flamingo,-3.7320733070373535
821,feather,grey,-4.001777648925781
822,feather,hummingbird,-3.956104278564453
823,feather,mallard,-3.699834108352661
824,feather,nest,-3.744093179702759
825,feather,sunflower,-3.5276036262512207
826,feedback,flow,-5.355514049530029
827,feel,friend,-5.464300155639648
828,feel,stop,-4.734983444213867
829,feel,tear,-5.99027681350708
830,feline,kitten,-2.5339832305908203
831,feline,kitty,-3.61013126373291
832,feline,nut,-3.7984986305236816
833,feline,pumpkin,-3.997426986694336
834,feline,reptile,-2.9629135131835938
835,female,old,-4.940392971038818
836,female,square,-5.974177360534668
837,festival,gate,-5.228309631347656
838,festival,music,-4.361649990081787
839,fiction,romance,-4.129321575164795
840,field,handle,-5.164660930633545
841,field,play,-3.7528278827667236
842,field,science,-5.643165111541748
843,fighting,resist,-4.785399913787842
844,filing,formations,-5.812069892883301
845,filled,filled,-0.0
846,find,occurrence,-5.2161335945129395
847,fine,precise,-5.451844215393066
848,finger,toe,-3.9948761463165283
849,fingerprint,football,-6.136834144592285
850,fire,flame,-4.898289203643799
851,fish,fishing,-4.015366554260254
852,fishing,shore,-4.020071506500244
853,fishing,word,-6.287905693054199
854,five,month,-4.6675496101379395
855,flame,peacock,-4.705406665802002
856,flame,reaction,-5.5801777839660645
857,flat,housing,-5.6726813316345215
858,fleet,travel,-5.5688323974609375
859,flight,plane,-2.970059394836426
860,flight,shoot,-5.29888916015625
861,flood,flood,-0.0
862,flood,line,-5.431573867797852
863,floor,interior,-6.045552730560303
864,floor,stair,-4.973991870880127
865,flour,garlic,-2.6876120567321777
866,flower,foliage,-3.527277708053589
867,flower,garden,-3.7336935997009277
868,flower,lily,-3.451380491256714
869,flower,petal,-4.294898509979248
870,flower,spring,-4.403911113739014
871,flower,yellow,-4.210127353668213
872,flush,good,-5.555424213409424
873,flyer,justice,-5.712680816650391
874,fog,mist,-3.7636475563049316
875,fog,sunny,-4.396463871002197
876,foliage,fruit,-4.0562744140625
877,foliage,garden,-4.190033912658691
878,foliage,moss,-4.209168434143066
879,foliage,pink,-3.844357967376709
880,foliage,purple,-3.6102678775787354
881,foliage,violet,-3.344136953353882
882,followed,tailgate,-5.182697296142578
883,follower,planet,-5.300836563110352
884,follower,satellite,-5.902304172515869
885,food,medium,-5.4012556076049805
886,foot,mural,-5.011281967163086
887,foot,outdoor,-5.708680629730225
888,foot,toe,-4.58402681350708
889,football,justice,-5.585858345031738
890,footprint,scooter,-4.566286087036133
891,ford,valley,-5.78635835647583
892,foreign,nation,-4.213507175445557
893,forest,frog,-4.68442440032959
894,forest,ground,-5.243724346160889
895,format,packaging,-4.98487663269043
896,formation,perceive,-5.214427947998047
897,formation,perform,-4.793945789337158
898,forward,player,-4.356154441833496
899,forward,position,-4.169337749481201
900,forward,transport,-5.494965553283691
901,foundation,support,-4.90770959854126
902,fountain,marble,-3.423766851425171
903,free,skin,-6.071617126464844
904,frost,lily,-4.244229316711426
905,frost,weather,-4.747547149658203
906,frozen,shop,-5.672701835632324
907,frozen,soup,-3.7389001846313477
908,fruit,orange,-4.11538553237915
909,fruit,product,-5.115293502807617
910,fruit,strawberry,-3.91851806640625
911,fruit,sunflower,-3.398385524749756
912,fun,haircut,-4.808859825134277
913,fun,happy,-4.230000972747803
914,fungi,insect,-3.016324996948242
915,fungi,mushroom,-3.581935167312622
916,furnish,impress,-3.9077134132385254
917,furnishing,jumper,-5.2506585121154785
918,gallery,journal,-5.594938278198242
919,gamble,pyramid,-4.678666114807129
920,game,playoff,-3.589498281478882
921,garage,kitchen,-4.324837684631348
922,garage,opener,-5.3376078605651855
923,garbage,lunch,-5.57638692855835
924,gardens,sink,-5.446403503417969
925,gardens,tend,-5.490993976593018
926,gas,neon,-5.573461532592773
927,gas,sewer,-5.009380340576172
928,gasoline,town,-5.634040355682373
929,gauge,meter,-5.990698337554932
930,gem,quartz,-3.7769665718078613
931,germany,worst,-5.699286937713623
932,get,regained,-5.294402599334717
933,get,start,-3.9166879653930664
934,giraffe,mist,-3.714513063430786
935,giraffe,zebra,-2.5251107215881348
936,giraffe,zoo,-3.6821227073669434
937,girl,sexy,-4.184390544891357
938,glove,wear,-5.349801540374756
939,goose,outfit,-4.566227436065674
940,government,immunity,-4.570886135101318
941,governor,office,-4.548868656158447
942,graduate,graduate,-0.0
943,grape,wine,-3.0745058059692383
944,graphic,roof,-5.681157112121582
945,grass,ski,-5.874332427978516
946,grass,skull,-5.199386119842529
947,grass,stop,-5.4395222663879395
948,grave,memorial,-4.533655643463135
949,grave,santa,-5.365178108215332
950,grave,shore,-5.598141670227051
951,graveyard,ruin,-3.9498867988586426
952,gray,property,-5.910502910614014
953,greater,greater,-0.0
954,greater,large,-4.878840446472168
955,green,number,-6.037909030914307
956,green,yellow,-3.544665575027466
957,greeting,receptions,-5.608313083648682
958,grey,pink,-4.12937593460083
959,grey,rusty,-4.734007835388184
960,grey,white,-4.6066107749938965
961,guardian,livestock,-5.19744873046875
962,gulf,ms,-5.541873455047607
963,gun,picture,-5.885214805603027
964,guy,idea,-4.422668933868408
965,guy,kid,-3.121638536453247
966,guy,kiss,-4.83975076675415
967,guy,people,-4.947180271148682
968,guy,poodle,-5.042112350463867
969,guy,sitting,-4.818474292755127
970,guy,smile,-4.440532207489014
971,guy,stand,-5.192415714263916
972,guy,tear,-6.322255611419678
973,hail,judge,-5.950754642486572
974,hair,redhead,-4.548201560974121
975,hair,stencil,-5.105888843536377
976,hair,wig,-3.5368545055389404
977,hand,left,-4.108617782592773
978,handle,shop,-5.78402042388916
979,handle,terrier,-5.102252006530762
980,hanging,smile,-4.699281692504883
981,happy,licking,-5.214010238647461
982,happy,mom,-4.068786144256592
983,happy,post,-6.020258903503418
984,happy,sleep,-5.143556594848633
985,happy,stand,-4.944888591766357
986,happy,stop,-4.885296821594238
987,happy,time,-4.243218898773193
988,harbor,sea,-4.100070953369141
989,harbor,sunk,-3.968125581741333
990,harbour,ship,-5.050197601318359
991,harbour,shore,-4.561244010925293
992,hard,zoo,-5.867213726043701
993,hat,jacket,-3.250792980194092
994,hat,jean,-5.281234264373779
995,hat,peel,-5.089291572570801
996,hat,role,-5.04005765914917
997,health,welfare,-4.391401290893555
998,heart,wing,-5.378625392913818
999,heater,stove,-3.162440061569214
1000,heel,stack,-4.685791969299316
1001,held,nest,-5.420852184295654
1002,helix,spiral,-3.9121968746185303
1003,highway,road,-3.0119130611419678
1004,hill,horizon,-5.290502548217773
1005,hill,mountain,-4.543869495391846
1006,hill,scenery,-4.640069484710693
1007,history,recital,-5.002711296081543
1008,hit,tourist,-6.082428455352783
1009,hockey,ice,-4.412261962890625
1010,hockey,play,-4.514310359954834
1011,holiday,travel,-5.328096389770508
1012,home,smoking,-6.017009258270264
1013,honest,sincere,-3.597468137741089
1014,hood,protection,-5.200762748718262
1015,hope,psychology,-5.250399112701416
1016,horizon,sky,-3.5919888019561768
1017,horizontal,surface,-4.046663761138916
1018,hostility,war,-4.818924903869629
1019,hot,hot,-0.0
1020,hot,sunny,-5.070256233215332
1021,hotel,kill,-6.550886154174805
1022,hotel,library,-5.159782409667969
1023,hotel,oak,-5.363330841064453
1024,house,staircase,-5.012877464294434
1025,house,windmill,-5.786732196807861
1026,housing,vault,-6.283298015594482
1027,hummingbird,rodent,-3.3441829681396484
1028,husky,painting,-5.293028831481934
1029,image,visualize,-4.224093914031982
1030,impressive,striking,-4.411355495452881
1031,industrial,lake,-6.193819999694824
1032,information,target,-5.528806209564209
1033,infrastructure,structure,-4.875718593597412
1034,initial,letter,-5.085869789123535
1035,injury,wrong,-5.5570831298828125
1036,ink,liquid,-4.304515838623047
1037,ink,organ,-5.367992401123047
1038,insect,lizard,-3.2275290489196777
1039,installation,zoo,-5.355244159698486
1040,instruction,lesson,-4.0421600341796875
1041,interest,lien,-5.896402835845947
1042,interior,object,-5.815447807312012
1043,interior,paint,-5.726781845092773
1044,interior,roof,-5.1042399406433105
1045,interior,staircase,-5.405017375946045
1046,interior,tall,-5.729986190795898
1047,interpretation,twist,-5.022339820861816
1048,intrigue,romance,-3.303042411804199
1049,inventory,listing,-5.383248805999756
1050,invite,requests,-5.8389482498168945
1051,ipod,rope,-5.375747203826904
1052,iron,robust,-5.697865009307861
1053,israel,israeli,-2.6088664531707764
1054,israel,terror,-4.253176212310791
1055,issue,up,-4.867062568664551
1056,ivy,oak,-4.458026885986328
1057,jaguar,storm,-6.076478004455566
1058,jamaica,queens,-4.362193584442139
1059,jazz,play,-4.864070415496826
1060,jean,shirt,-5.274304389953613
1061,jean,washing,-5.672553062438965
1062,jellyfish,punk,-4.445297718048096
1063,jellyfish,texture,-4.32499885559082
1064,joke,message,-5.108129501342773
1065,journal,writing,-5.048670291900635
1066,judgment,sense,-5.0539445877075195
1067,jump,stitch,-5.642027854919434
1068,jump,uniform,-6.014069557189941
1069,jury,school,-5.594827651977539
1070,justice,official,-5.1602654457092285
1071,juvenile,rope,-5.300842761993408
1072,key,misty,-4.594059944152832
1073,key,motor,-5.553283214569092
1074,keyboard,soldier,-5.952183723449707
1075,kidnapped,shanghai,-5.297884941101074
1076,kill,sacrifice,-5.642890453338623
1077,kill,shot,-5.117422580718994
1078,kind,soft,-5.488653182983398
1079,kiss,rusty,-4.928495407104492
1080,kitchen,sleep,-5.207043170928955
1081,kitchen,stair,-4.3947319984436035
1082,kitchen,washing,-4.128594875335693
1083,kitten,kitty,-3.426365852355957
1084,knock,tap,-4.972577095031738
1085,lad,wizard,-3.987034797668457
1086,lady,sexy,-4.394951820373535
1087,lake,scenery,-4.553121089935303
1088,lake,town,-4.954649448394775
1089,lamb,lantern,-4.365880012512207
1090,lamb,number,-5.642613887786865
1091,lamb,snow,-5.730423450469971
1092,landscape,mountain,-4.852759838104248
1093,landscape,stadium,-5.998786449432373
1094,lantern,oak,-4.092186450958252
1095,lapse,suspension,-5.117274284362793
1096,last,last,-0.0
1097,last,senior,-5.085032939910889
1098,laundering,machine,-5.806258678436279
1099,law,mosaic,-5.578675746917725
1100,lawn,sleep,-5.0346808433532715
1101,layer,region,-5.941695213317871
1102,leaf,nature,-5.413853645324707
1103,lean,rest,-4.746812343597412
1104,leap,second,-4.8571906089782715
1105,learned,learned,-0.0
1106,leather,pouch,-4.275328159332275
1107,leather,sunshine,-5.643758296966553
1108,leave,pass,-5.16705322265625
1109,left,morning,-5.524883270263672
1110,left,walk,-4.774394512176514
1111,lego,rodent,-3.6571552753448486
1112,lever,machine,-4.516861915588379
1113,lever,open,-5.78462028503418
1114,licking,marble,-4.744505405426025
1115,licking,pier,-4.887903690338135
1116,licking,puppy,-3.375354766845703
1117,licking,rusty,-4.3409857749938965
1118,licking,sitting,-4.825556755065918
1119,lie,line,-5.062541484832764
1120,lie,sun,-5.470447063446045
1121,light,shadow,-4.748165130615234
1122,light,sleep,-5.543248176574707
1123,light,sunlight,-3.841865062713623
1124,lighthouse,wall,-5.378670692443848
1125,lighting,man,-6.1534223556518555
1126,lighting,stone,-4.813948631286621
1127,lily,plant,-4.853092670440674
1128,lily,purple,-3.7028560638427734
1129,lily,tulip,-3.16591477394104
1130,limb,limb,-0.0
1131,line,street,-5.084743976593018
1132,lion,square,-5.510475158691406
1133,list,position,-4.633203506469727
1134,list,post,-5.311807632446289
1135,list,shopping,-4.905264377593994
1136,listing,organization,-5.623472213745117
1137,live,stitch,-5.104808807373047
1138,location,space,-5.373286247253418
1139,lock,mannequin,-4.051597595214844
1140,looking,sightseeing,-5.267330646514893
1141,loss,reducing,-5.446852684020996
1142,love,romance,-3.633212089538574
1143,lower,sustain,-5.644737720489502
1144,lunch,morning,-5.006779670715332
1145,lunch,sunny,-5.852672100067139
1146,machine,pond,-5.451982021331787
1147,machine,sketch,-5.296850681304932
1148,machine,washing,-4.37593412399292
1149,magnitude,size,-5.241199493408203
1150,magnolia,maple,-4.483070373535156
1151,maker,manufacturer,-2.951744794845581
1152,makeup,people,-5.705089092254639
1153,male,man,-4.659384727478027
1154,manufacture,up,-5.817651271820068
1155,map,sewing,-5.965478420257568
1156,map,video,-6.050380706787109
1157,maple,oak,-4.033734321594238
1158,marble,postcard,-4.473323822021484
1159,marble,sing,-5.3532891273498535
1160,market,shop,-5.46372652053833
1161,market,sweeten,-5.017584800720215
1162,mars,water,-5.457577228546143
1163,mask,roof,-5.185197830200195
1164,match,matchstick,-5.495424747467041
1165,match,play,-4.016434669494629
1166,matter,text,-5.329694747924805
1167,mayor,villa,-5.0702643394470215
1168,meal,rice,-4.090311527252197
1169,means,tool,-4.377701759338379
1170,measure,twist,-5.829261302947998
1171,meat,moon,-6.015127658843994
1172,meat,potato,-3.124145030975342
1173,meat,soup,-3.225090503692627
1174,medium,organization,-4.812949180603027
1175,melody,music,-3.914928436279297
1176,memorial,rope,-5.887526988983154
1177,memory,operation,-5.312787055969238
1178,metro,rail,-4.275327682495117
1179,metro,train,-4.740816116333008
1180,military,reflection,-5.702887535095215
1181,military,wasp,-5.36617374420166
1182,mill,wild,-5.579100131988525
1183,mill,windmill,-4.049273490905762
1184,miniature,paint,-4.429974555969238
1185,miniature,painting,-4.367703437805176
1186,minister,work,-4.697452068328857
1187,mirror,raspberry,-4.856620788574219
1188,mist,sky,-3.9159798622131348
1189,mist,sunny,-4.79364538192749
1190,misty,sky,-4.436631202697754
1191,misty,snow,-4.931963920593262
1192,misty,sunny,-4.770199298858643
1193,misty,sunrise,-3.605252742767334
1194,misty,sunshine,-4.326971054077148
1195,model,toe,-5.5711493492126465
1196,mole,spy,-4.202755451202393
1197,moment,thief,-5.564145088195801
1198,money,pile,-5.2896647453308105
1199,money,quota,-5.235932350158691
1200,monster,rock,-4.442237377166748
1201,month,year,-3.073643207550049
1202,moon,mushroom,-4.500820159912109
1203,morning,sunrise,-4.442263603210449
1204,morning,sunshine,-4.756779670715332
1205,mortal,mother,-5.135732173919678
1206,moss,plant,-5.257106781005859
1207,mother,mother,-0.0
1208,mother,mother-in-law,-3.7809526920318604
1209,mother,pregnant,-3.8691463470458984
1210,mother,yeast,-5.307411193847656
1211,motion,step,-5.0312676429748535
1212,motto,volunteer,-4.924572467803955
1213,mouth,tongue,-3.3881261348724365
1214,move,shifting,-5.044816493988037
1215,move,spread,-5.942875862121582
1216,move,swell,-5.493820667266846
1217,mozart,wagner,-4.064960479736328
1218,museum,swim,-5.790955066680908
1219,music,musician,-3.84260630607605
1220,music,print,-5.562613487243652
1221,music,track,-5.440357208251953
1222,musical,solo,-4.660436630249023
1223,nail,rusty,-4.055937767028809
1224,nation,spanish,-4.741393089294434
1225,native,rhodes,-4.864813327789307
1226,necklace,snow,-5.963428974151611
1227,nest,wasp,-3.899531841278076
1228,noodle,pigeon,-3.2225780487060547
1229,novel,story,-4.5283732414245605
1230,nude,painting,-4.237835884094238
1231,nurse,nurse,-0.0
1232,nut,sunflower,-3.1643471717834473
1233,observation,radio,-5.321053981781006
1234,observe,violating,-4.948687553405762
1235,obvious,plain,-4.4825310707092285
1236,obvious,room,-5.881083965301514
1237,occasion,second,-5.76000452041626
1238,occupation,place,-5.355659008026123
1239,ocean,pacific,-4.3105082511901855
1240,ocean,underwater,-3.6327431201934814
1241,ocean,water,-4.767898082733154
1242,old,race,-5.437117576599121
1243,old,seat,-5.37565803527832
1244,operation,operation,-0.0
1245,opinion,sentiment,-4.600273609161377
1246,orange,peel,-3.977092742919922
1247,orange,raspberry,-3.608011245727539
1248,orange,shop,-5.762861251831055
1249,origami,stadium,-5.762828826904297
1250,origin,root,-5.0921549797058105
1251,out,sent,-5.006749629974365
1252,outdoor,pool,-3.8848748207092285
1253,outdoor,swimming,-3.924647092819214
1254,outfit,sign,-4.892513751983643
1255,outfit,sock,-3.544562339782715
1256,overflow,sewer,-3.9955101013183594
1257,pain,suffering,-3.431741714477539
1258,paint,picture,-4.9164137840271
1259,paint,portrait,-4.907289981842041
1260,painting,sculpture,-3.1460094451904297
1261,palace,ruin,-5.025369167327881
1262,panorama,scenery,-3.6094117164611816
1263,panorama,view,-4.143978118896484
1264,panorama,zoo,-4.755623817443848
1265,paper,railway,-5.787489414215088
1266,paper,vine,-5.192141056060791
1267,papers,security,-5.728695392608643
1268,park,parking,-4.48389196395874
1269,part,relation,-4.406732559204102
1270,party,seat,-4.678707599639893
1271,pass,ticket,-5.40493631362915
1272,pass,topping,-5.202419281005859
1273,passage,quotation,-5.132299900054932
1274,passing,passing,-0.0
1275,path,star,-5.8794426918029785
1276,patio,sleep,-4.813142776489258
1277,patio,stair,-3.547971487045288
1278,patio,staircase,-3.5663371086120605
1279,patio,woman,-5.49858283996582
1280,pavilion,terrace,-3.677410840988159
1281,paw,theatre,-4.966121673583984
1282,peel,skin,-4.0916056632995605
1283,pennsylvania,writer,-5.423048496246338
1284,people,wounded,-4.069621562957764
1285,pepper,potato,-3.059288740158081
1286,pepper,tomato,-2.0340652465820312
1287,person,tiger,-5.601105213165283
1288,personnel,police,-4.567700386047363
1289,persuasion,weapon,-4.975060939788818
1290,petal,shade,-4.140246868133545
1291,photo,photography,-5.040558815002441
1292,photograph,still,-5.364810466766357
1293,photographer,portrait,-4.453069686889648
1294,photographer,wedding,-4.863778114318848
1295,piano,wolf,-5.782727241516113
1296,pigeon,round,-5.3361287117004395
1297,pillow,stone,-4.928042888641357
1298,pink,skirt,-3.0811963081359863
1299,pink,white,-3.8363447189331055
1300,place,place,-0.0
1301,place,siphon,-5.545744895935059
1302,plain,report,-5.779853820800781
1303,plant,seed,-5.036393642425537
1304,plant,skate,-6.12714147567749
1305,play,rail,-5.457342147827148
1306,play,sign,-5.006494045257568
1307,play,thousand,-5.350658416748047
1308,player,slave,-5.524581432342529
1309,pledge,promise,-3.134159803390503
1310,plot,strategy,-5.332662105560303
1311,point,second,-4.028466701507568
1312,point,spot,-4.662627220153809
1313,point,tennis,-4.991257190704346
1314,point,trouble,-4.136287689208984
1315,poll,poll,-0.0
1316,pond,water,-4.4235758781433105
1317,poodle,puppy,-3.052065372467041
1318,poodle,terrier,-2.7151951789855957
1319,pool,relax,-4.773403167724609
1320,porch,roof,-4.046854019165039
1321,porch,scooter,-4.958227634429932
1322,porch,staircase,-3.762880325317383
1323,portrait,underground,-6.024205207824707
1324,potato,rice,-3.350145101547241
1325,president,president,-0.0
1326,price,price,-0.0
1327,principle,principle,-0.0
1328,privilege,rich,-4.63197660446167
1329,production,production,-0.0
1330,profiling,racism,-4.025069236755371
1331,protection,roof,-5.706686496734619
1332,protest,tile,-5.621432781219482
1333,publish,show,-6.028298854827881
1334,pug,puppy,-3.01214337348938
1335,punk,vinyl,-4.133523464202881
1336,puppy,skyline,-5.108617305755615
1337,purple,violet,-2.915602922439575
1338,pyramid,speculation,-5.112148284912109
1339,quality,romance,-5.59444522857666
1340,queen,queen,-0.0
1341,race,racing,-3.4225075244903564
1342,race,square,-5.881121635437012
1343,radical,role,-4.37054967880249
1344,rail,train,-3.1941897869110107
1345,railroad,underground,-4.106017112731934
1346,railway,station,-4.36540412902832
1347,rain,wet,-4.178167343139648
1348,raise,shoulders,-5.2601213455200195
1349,raising,upbringing,-4.906955718994141
1350,raspberry,sweet,-3.4905502796173096
1351,read,reading,-3.0467915534973145
1352,rebel,soldier,-4.440232753753662
1353,rebel,young,-5.380691051483154
1354,recognize,succeed,-4.298244953155518
1355,record,score,-4.710267543792725
1356,record,write,-6.292582988739014
1357,red,shade,-4.762179851531982
1358,red,stripe,-4.552210330963135
1359,redhead,rusty,-4.478720188140869
1360,relax,sitting,-4.718316078186035
1361,relief,total,-5.50132942199707
1362,religion,remedy,-5.141336441040039
1363,religion,trinity,-4.676121234893799
1364,report,study,-4.920955181121826
1365,reptile,vacation,-5.221311092376709
1366,reservation,reservation,-0.0
1367,resistance,resistance,-0.0
1368,reverse,reverse,-0.0
1369,rice,yellow,-5.382727146148682
1370,ripple,shadow,-4.788516044616699
1371,ripple,wave,-4.152240753173828
1372,river,valley,-4.353764057159424
1373,river,waterfall,-4.112151622772217
1374,robbery,rolling,-6.0838799476623535
1375,rod,rod,-0.0
1376,role,title,-4.084593296051025
1377,rolling,sound,-5.1868696212768555
1378,room,sitting,-3.3229053020477295
1379,root,stem,-4.690103530883789
1380,rope,shore,-4.457915306091309
1381,rose,rose,-0.0
1382,round,shape,-5.9797587394714355
1383,row,terrace,-4.991328239440918
1384,rub,wipe,-3.7201170921325684
1385,ruin,stone,-4.726864337921143
1386,ruin,town,-5.0791168212890625
1387,running,sprint,-5.119652271270752
1388,rusty,shade,-4.659276485443115
1389,rusty,stand,-4.544987201690674
1390,saddle,soap,-5.200979232788086
1391,sail,sheet,-5.339905738830566
1392,sailing,sunk,-4.630861282348633
1393,sake,shade,-5.009993076324463
1394,satellite,solar,-4.8691487312316895
1395,scenery,trail,-4.176560401916504
1396,school,welsh,-5.620170593261719
1397,sea,shore,-3.4545841217041016
1398,sea,submarine,-4.382433891296387
1399,sea,water,-4.436405658721924
1400,season,winter,-5.133212566375732
1401,seize,take,-4.960696697235107
1402,series,string,-5.209278583526611
1403,sex,sex,-0.0
1404,sexy,smile,-4.697450637817383
1405,shade,tree,-3.788989782333374
1406,shade,whale,-5.223860263824463
1407,shadow,sunlight,-3.788881540298462
1408,shape,square,-5.7016401290893555
1409,sheet,sheet,-0.0
1410,shining,work,-5.2918548583984375
1411,ship,spouse,-5.98098611831665
1412,shirt,tiger,-5.6002197265625
1413,shopping,store,-3.3895962238311768
1414,shore,swim,-4.008901596069336
1415,shore,town,-4.8409833908081055
1416,shore,valley,-5.18929386138916
1417,short,trading,-4.8442769050598145
1418,sight,vision,-4.386441707611084
1419,sign,sign,-0.0
1420,silence,still,-4.698059558868408
1421,single,sole,-4.738160610198975
1422,sitting,sleep,-4.564695358276367
1423,situation,things,-4.535378456115723
1424,skate,vehicle,-5.809273719787598
1425,skating,sticker,-5.410433769226074
1426,skin,skin,-0.0
1427,sky,sunlight,-4.0624823570251465
1428,skyline,view,-4.064912796020508
1429,slash,stroke,-5.435731410980225
1430,slave,worker,-4.609405994415283
1431,sleeping,waking,-3.7899086475372314
1432,small,valley,-5.141796588897705
1433,small,village,-4.4431891441345215
1434,smile,time,-5.259428977966309
1435,smile,view,-5.911249160766602
1436,smile,walk,-5.073429107666016
1437,smoking,sunny,-5.799158096313477
1438,snap,touch,-4.185654640197754
1439,sock,stocking,-3.6769726276397705
1440,solstice,summer,-4.884932994842529
1441,song,vocal,-3.7089948654174805
1442,speech,word,-4.6214375495910645
1443,spin,sweat,-4.808068752288818
1444,spiral,staircase,-3.56337308883667
1445,spread,spread,-0.0
1446,square,town,-4.798253536224365
1447,stamp,weave,-4.583851337432861
1448,stand,tear,-5.524020195007324
1449,stand,walk,-4.624027729034424
1450,star,star,-0.0
1451,star,storm,-5.678391933441162
1452,steel,wing,-5.938924312591553
1453,step,travel,-6.038224697113037
1454,step,walk,-4.744056701660156
1455,step,wind,-5.741536617279053
1456,sticker,track,-5.081305980682373
1457,stock,stock,-0.0
1458,storm,thunderstorm,-4.48634147644043
1459,straight,stretch,-4.23290491104126
1460,strains,trouble,-4.6253156661987305
1461,stream,waterfall,-3.9312567710876465
1462,stripe,train,-5.293229103088379
1463,stripe,violet,-3.0340652465820312
1464,subway,underground,-4.308262348175049
1465,subway,valentine,-5.431358814239502
1466,sun,sun,-0.0
1467,sun,sunburst,-4.999765396118164
1468,sun,sunlight,-3.7617013454437256
1469,sun,sunshine,-4.446629047393799
1470,sunlight,thriller,-4.942129135131836
1471,sunny,weather,-4.253596782684326
1472,sunny,wet,-4.674720764160156
1473,sunshine,weather,-4.5317583084106445
1474,support,trace,-5.449553489685059
1475,surface,territory,-5.30458402633667
1476,surfer,wave,-4.013006210327148
1477,tall,wool,-4.594243049621582
1478,tenure,term,-4.740370273590088
1479,thing,thing,-0.0
1480,ticket,writing,-5.437000274658203
1481,tops,tops,-0.0
1482,touch,upset,-4.987961769104004
1483,tour,travel,-5.091848373413086
1484,traffic,traffic,-0.0
1485,train,train,-0.0
1486,travel,travel,-0.0
1487,travel,wandering,-5.802511692047119
1488,tunnel,underground,-3.9922893047332764
1489,type,write,-5.039704322814941
1490,valley,village,-4.717965126037598
1491,van,vine,-5.163301944732666
1492,violet,white,-4.4121503829956055
1493,violet,yellow,-3.884443759918213
1494,washer,worker,-5.1073198318481445
1495,water,water,-0.0
1496,ways,ways,-0.0
1497,weather,winter,-4.145631313323975
1498,wednesday,weekday,-5.202322959899902
1499,word,word,-0.0
